class,a,all,also,an,and,any,are,as,at,be,been,but,by,can,do,down,even,every,for,from,had,has,have,her,his,if,in,into,is,it,its,may,more,must,my,no,not,now,of,on,one,only,or,our,shall,should,so,some,such,than,that,the,their,then,there,things,this,to,up,upon,was,were,what,when,which,who,will,with,would,your
2,24.911,1.0168,0,3.0503,21.352,2.5419,4.5755,11.185,6.1007,19.319,2.5419,0,11.185,0.50839,0,0,0.50839,5.0839,10.168,5.5923,1.5252,3.5587,6.1007,0,1.5252,1.0168,21.352,0.50839,16.268,10.676,6.609,6.609,6.609,2.5419,0,2.5419,5.5923,0,54.398,6.1007,6.1007,0,11.185,3.0503,0.50839,0,0.50839,0.50839,1.5252,6.609,9.151,70.158,4.5755,0.50839,2.5419,0,7.6258,23.894,0.50839,0,0.50839,1.0168,1.5252,0,7.1174,1.0168,7.1174,2.5419,4.0671,0
1,21.691,0.44267,3.5414,0.88535,5.3121,18.592,3.0987,1.7707,8.8535,17.264,4.4267,3.0987,5.7548,1.328,0.44267,0,1.328,1.328,7.0828,4.8694,0.88535,4.8694,5.7548,0,0,15.494,1.7707,7.0828,31.43,0.88535,12.838,3.5414,5.3121,2.2134,0.44267,2.2134,9.7388,0,73.484,3.0987,2.2134,1.328,5.3121,0.88535,0.44267,2.2134,3.0987,0.88535,2.656,3.0987,15.936,110.23,6.1974,0.44267,2.2134,0,9.2961,36.742,0,4.8694,0.88535,1.328,1.7707,0.44267,6.6401,3.5414,10.181,10.181,4.4267,0
1,26.919,1.994,0.99701,1.994,6.9791,22.931,2.991,2.991,9.9701,23.928,1.994,1.994,1.994,0,0,0,0.99701,1.994,8.9731,2.991,2.991,1.994,4.985,0,0.99701,13.958,2.991,2.991,24.925,1.994,10.967,6.9791,0.99701,0,0,3.988,0,0,80.758,3.988,2.991,0.99701,11.964,0,0.99701,1.994,2.991,0,2.991,1.994,12.961,101.69,1.994,0,3.988,0,7.9761,34.895,0,2.991,0.99701,1.994,0,5.9821,10.967,0,0.99701,3.988,8.9731,0
1,13.849,2.8852,5.1933,0,6.9244,25.389,2.8852,10.387,11.541,20.773,2.8852,4.6163,5.1933,1.1541,0.57703,0,1.1541,2.8852,3.4622,5.7703,0,0.57703,6.3474,0,0,15.58,4.6163,1.7311,28.275,2.8852,13.272,5.7703,0.57703,4.6163,0,1.7311,6.9244,0,59.435,2.8852,1.1541,1.7311,7.5014,1.1541,0,3.4622,4.0392,1.7311,2.3081,3.4622,17.311,92.325,5.7703,0,3.4622,0.57703,7.5014,46.74,0.57703,7.5014,0,0,2.3081,0.57703,11.541,1.1541,3.4622,6.3474,2.8852,0
1,19.92,3.9841,5.9761,1.328,5.9761,19.92,5.3121,2.656,11.288,23.904,3.3201,5.9761,7.9681,0.66401,0.66401,0,0.66401,1.328,10.624,7.3041,3.9841,9.2961,0,0,3.9841,13.28,1.992,2.656,26.56,0,12.616,3.3201,1.328,0.66401,0,1.992,7.3041,0,57.105,1.992,4.6481,1.328,3.9841,0.66401,2.656,3.3201,3.9841,0.66401,1.992,3.9841,13.28,92.961,7.9681,0,0.66401,0,8.6321,49.801,0,1.328,7.3041,1.328,0.66401,0.66401,9.9602,8.6321,8.6321,5.3121,4.6481,0
2,18.465,4.3732,0.48591,4.3732,29.155,2.9155,2.4295,11.662,3.4014,11.662,3.8873,4.3732,11.176,1.4577,0.48591,0.97182,1.4577,0.48591,5.8309,8.2604,0.48591,2.4295,4.3732,11.662,0.48591,1.4577,27.697,3.4014,5.345,8.7464,1.4577,1.4577,1.4577,0.97182,0.48591,2.4295,8.2604,0.48591,62.196,4.8591,1.4577,2.9155,6.3168,0,0,1.4577,1.9436,0.48591,1.9436,3.4014,13.12,100.1,3.4014,0,2.4295,0,4.3732,47.619,0,0,9.2323,2.9155,1.4577,0,7.7745,0,0.48591,8.2604,1.4577,0
2,18.727,2.809,0.31211,5.3059,24.657,1.5605,1.8727,10.3,3.4332,13.733,9.9875,2.1848,11.236,1.2484,1.5605,1.5605,1.8727,0,3.1211,10.612,4.6816,5.618,5.618,2.809,4.0574,4.0574,19.351,4.3695,10.924,17.166,2.4969,2.1848,2.4969,0.93633,0.31211,2.1848,8.7391,0.93633,51.81,7.8027,1.8727,1.5605,2.809,0,0.31211,2.1848,1.8727,1.8727,2.4969,1.5605,17.79,103.31,2.4969,2.4969,1.8727,0,6.8664,39.638,0.31211,0.93633,7.4906,1.8727,3.1211,0,7.1785,0.31211,1.8727,8.1149,4.0574,0
3,17.526,1.0015,5.0075,0.50075,4.5068,19.029,3.5053,7.5113,18.027,20.03,2.003,4.006,13.02,0,0,0.50075,0.50075,0.50075,5.0075,6.5098,1.5023,1.0015,8.012,0,4.5068,13.52,1.0015,2.5038,32.549,2.5038,17.526,5.0075,3.0045,1.0015,0,4.006,9.0135,0,57.586,9.5143,3.5053,1.5023,4.5068,2.003,1.0015,2.003,0.50075,3.5053,1.0015,2.003,14.021,101.15,6.009,0.50075,0.50075,0,10.516,30.045,0,1.0015,0.50075,3.0045,1.0015,2.5038,12.519,3.0045,7.5113,6.009,3.0045,0
1,22.545,2.1818,5.0909,0.72727,4.3636,32.727,2.1818,1.8182,5.0909,17.818,2.5455,3.2727,6.9091,6.5455,0.72727,0,1.0909,1.8182,6.1818,4,0.36364,3.6364,6.1818,0,4,9.8182,2.1818,4.3636,25.091,2.5455,17.818,3.6364,2.5455,1.8182,0,3.6364,3.6364,0.36364,78.545,1.8182,4,2.1818,4.7273,0.36364,1.8182,2.1818,0.72727,0.36364,1.4545,4.3636,14.909,109.45,1.8182,0,3.2727,0.72727,10.909,33.818,0,4.3636,2.1818,1.0909,1.0909,1.0909,7.2727,1.8182,2.1818,6.9091,9.8182,0
1,27.644,4.4071,5.2083,0.40064,6.0096,28.045,1.6026,3.6058,8.4135,17.628,1.2019,3.2051,8.0128,2.0032,0.80128,0,1.2019,1.2019,7.2115,7.6122,0.40064,3.2051,6.0096,5.2083,0.40064,8.4135,2.4038,2.4038,26.442,1.6026,3.6058,3.6058,3.6058,0.80128,0,2.0032,8.0128,0.40064,71.314,2.0032,2.0032,2.0032,4.8077,14.022,1.2019,1.2019,2.0032,0.80128,2.4038,2.4038,10.016,74.519,4.4071,0.80128,3.2051,0.40064,9.6154,33.253,0,2.4038,0,0.80128,1.2019,1.6026,10.016,2.0032,6.8109,8.8141,20.032,0
1,24.726,4.2388,1.0597,8.4776,30.025,2.1194,6.7114,8.4776,2.4726,8.8308,4.2388,3.8856,10.95,0,0.70646,0.35323,0.35323,2.8259,5.6517,3.1791,2.1194,2.8259,5.2985,2.4726,0.70646,2.4726,21.547,2.4726,22.607,18.368,1.4129,4.592,0.35323,0.70646,0,0.35323,9.8905,0.35323,58.99,7.0646,3.1791,1.0597,8.4776,2.8259,0.35323,0.70646,1.0597,2.8259,1.7662,0.70646,19.781,85.129,3.8856,0.70646,2.4726,0.35323,6.7114,39.209,1.0597,3.5323,3.5323,1.0597,1.0597,5.6517,12.363,5.6517,4.9452,5.2985,1.7662,0.35323
1,20.833,4.8759,5.3191,0,6.6489,21.72,3.1028,3.1028,7.5355,20.39,3.5461,1.3298,12.411,1.3298,0,0,1.7731,0.44326,6.2057,4.8759,3.1028,1.7731,10.195,1.7731,0,7.0922,0.88653,5.3191,17.73,0.88653,5.7624,0.88653,2.6596,1.3298,0,1.3298,6.2057,0,68.706,5.3191,1.7731,0.44326,4.4326,2.2163,0.44326,3.1028,1.7731,3.1028,1.3298,2.2163,11.525,89.539,7.9787,0,3.9894,0.44326,9.7518,35.461,0.44326,4.8759,3.1028,3.9894,1.3298,0.44326,10.638,0.88653,0.44326,5.3191,22.606,0
2,20.727,1.5643,0.39108,4.693,21.51,3.9108,6.2573,11.732,3.9108,14.861,0.78217,1.9554,9.7771,1.5643,0.78217,0.39108,0.39108,1.5643,2.3465,6.6484,1.9554,1.9554,3.9108,0.78217,9.386,2.7376,21.901,0.78217,16.034,15.643,1.9554,5.0841,1.9554,1.1732,0,3.5198,9.386,0.39108,52.014,7.4306,2.3465,1.5643,5.0841,0,0,2.7376,1.5643,1.1732,5.0841,2.3465,14.47,70.786,3.9108,0.39108,1.9554,0,5.0841,42.237,0,0.39108,1.9554,1.5643,0.78217,0.78217,13.297,2.3465,2.7376,10.95,0.39108,0
2,16.061,2.2945,1.912,0.38241,3.4417,27.916,2.2945,4.9713,8.0306,27.533,1.912,4.9713,8.0306,2.6769,0.38241,0,0.76482,2.2945,4.2065,3.8241,1.1472,1.5296,5.7361,0,0,12.237,2.2945,1.912,17.591,1.5296,2.6769,4.9713,4.2065,3.4417,0,1.5296,7.6482,0.38241,61.185,12.237,3.4417,2.2945,5.3537,0,0,3.4417,0.76482,0.38241,2.2945,4.2065,14.914,115.11,11.09,0.38241,0,0,3.4417,32.505,0.38241,0,4.5889,1.1472,1.912,0,8.7954,2.2945,15.296,6.8834,11.09,0
1,22.177,5.5444,3.5282,0.50403,3.5282,23.185,2.0161,7.0565,12.097,26.21,3.0242,2.0161,11.089,1.5121,0.50403,0,1.5121,0.50403,5.5444,6.0484,2.0161,2.5202,5.5444,1.5121,0,13.105,4.5363,2.5202,20.161,0.50403,8.5685,2.0161,1.0081,2.5202,0,1.0081,4.0323,0,62.5,5.5444,1.0081,1.0081,7.5605,5.0403,3.0242,3.0242,0.50403,2.5202,2.0161,2.0161,15.625,87.198,5.5444,1.0081,1.0081,1.0081,10.081,44.859,2.5202,1.0081,2.0161,0.50403,1.0081,1.5121,7.5605,1.0081,5.0403,4.0323,10.585,0
2,12.778,2.5557,4.3812,3.2859,3.651,31.398,1.8255,9.4925,7.3019,12.778,5.1114,1.8255,15.334,3.2859,0.3651,0.73019,1.8255,1.4604,2.5557,4.3812,1.0953,6.2066,5.1114,1.0953,4.0161,8.0321,3.651,1.8255,22.636,0.3651,15.699,2.9208,3.2859,0.3651,0,5.4765,4.3812,0,67.543,7.3019,6.2066,0.73019,6.5717,0,2.5557,0.73019,1.4604,1.4604,0.73019,1.8255,13.143,118.66,0.3651,0.73019,1.0953,0,8.7623,23.366,0,0,1.4604,2.5557,1.0953,1.0953,8.0321,2.1906,1.4604,7.3019,1.4604,0
3,16.765,2.7186,3.1717,0.4531,2.7186,24.468,2.2655,11.781,10.874,19.483,1.8124,3.6248,11.328,3.1717,0,0,0,5.8903,8.609,4.9841,0.4531,1.8124,4.9841,2.2655,1.8124,11.781,1.3593,2.7186,18.124,0.90621,15.406,1.8124,4.0779,1.8124,0,1.8124,6.7966,0.4531,67.512,8.609,4.531,1.3593,9.9683,0.90621,1.3593,0,3.1717,2.2655,1.3593,4.531,14.046,96.964,10.421,0.4531,1.8124,0,5.8903,33.077,0,0,1.8124,0.90621,2.2655,1.3593,13.593,3.6248,10.874,1.3593,2.7186,0
1,19.169,4.4728,7.6677,0,5.7508,33.227,1.278,3.1949,1.9169,15.335,1.9169,1.9169,5.7508,1.278,0,0,0,0.63898,7.0288,3.1949,1.9169,2.5559,2.5559,0,4.4728,10.224,3.8339,1.278,18.53,1.9169,7.0288,2.5559,5.7508,0.63898,0.63898,0,2.5559,0,69.01,1.278,1.278,0,8.3067,1.278,0.63898,1.278,2.5559,0.63898,0,3.1949,13.419,102.24,6.3898,0,2.5559,0.63898,7.0288,36.422,0,3.8339,3.8339,2.5559,0.63898,0.63898,15.335,1.278,8.3067,6.3898,7.6677,0
2,18.531,2.6473,0.66181,3.3091,21.84,0.66181,5.9563,9.9272,5.2945,19.854,1.3236,2.6473,15.884,1.3236,0,0,1.3236,2.6473,5.2945,4.6327,1.3236,4.6327,6.6181,0,5.2945,3.9709,15.884,3.9709,11.251,8.6036,13.898,4.6327,2.6473,2.6473,0,1.3236,5.2945,0,64.196,5.2945,3.3091,4.6327,4.6327,0.66181,0,3.3091,1.9854,0.66181,3.3091,2.6473,9.2654,101.92,7.9418,0,0.66181,0,1.3236,37.723,0.66181,0,3.3091,4.6327,1.3236,0,11.913,3.3091,11.251,6.6181,5.9563,0
1,18.193,1.9151,0,5.7453,24.896,1.5959,5.7453,7.022,2.8726,12.448,3.8302,2.5535,5.4261,2.8726,0.95755,0,0.31918,0,3.8302,2.5535,0.95755,2.5535,3.1918,0,2.2343,2.5535,28.088,0.31918,22.343,20.747,6.7028,3.1918,1.5959,1.9151,0,3.511,7.3412,72.135,2.2343,0,0.63837,1.2767,4.7877,4.7877,2.2343,0.31918,1.5959,0.63837,1.2767,1.2767,19.789,107.56,2.2343,1.2767,1.9151,0.63837,9.2563,45.005,0,1.9151,3.8302,0,2.5535,2.5535,10.533,1.5959,4.1494,13.086,3.1918,0
2,22.957,2.0257,0.67522,3.3761,31.735,0,6.077,6.7522,1.3504,20.257,0.67522,2.0257,16.205,2.0257,0.67522,0,0,4.0513,5.4018,6.077,0,1.3504,0,0,0.67522,3.3761,16.205,8.7779,14.18,13.504,6.077,4.0513,9.4531,6.077,0,1.3504,4.7265,0.67522,54.693,4.7265,7.4274,0,7.4274,2.0257,0,1.3504,4.7265,0.67522,2.7009,2.0257,4.7265,91.83,11.479,1.3504,2.7009,0.67522,6.077,35.111,0,0,0,0.67522,1.3504,0.67522,8.7779,3.3761,3.3761,2.0257,4.7265,0
1,23.072,7.9103,1.3184,0.6592,3.296,16.48,3.296,5.9328,11.866,24.39,5.9328,1.9776,3.296,3.9552,0.6592,0,0,0.6592,11.206,5.2736,1.9776,7.9103,0,0,0.6592,16.48,1.9776,4.6144,30.982,1.9776,6.592,7.2512,2.6368,1.3184,0.6592,3.296,5.2736,0.6592,64.601,3.9552,1.9776,2.6368,5.2736,0,1.3184,4.6144,1.3184,1.3184,0,7.9103,21.094,98.22,3.296,0.6592,3.296,0,9.2287,39.552,0,1.9776,2.6368,0,1.3184,1.3184,7.9103,2.6368,4.6144,4.6144,11.206,0
1,22.505,4.8924,1.9569,0,1.9569,23.483,7.8278,5.8708,4.8924,29.354,4.8924,2.9354,3.9139,6.8493,0.97847,0,0,1.9569,14.677,6.8493,0,7.8278,5.8708,0,1.9569,12.72,1.9569,1.9569,34.247,0.97847,10.763,5.8708,4.8924,1.9569,0,3.9139,7.8278,0,50.881,4.8924,0.97847,2.9354,3.9139,1.9569,3.9139,1.9569,0.97847,2.9354,4.8924,6.8493,18.591,85.127,11.742,0.97847,2.9354,0,7.8278,41.096,0,1.9569,0.97847,0.97847,0.97847,0,11.742,3.9139,6.8493,3.9139,4.8924,0
2,25.313,1.8298,0.30497,4.5746,26.532,3.6597,2.4398,16.468,2.4398,17.078,5.7945,2.1348,9.1491,1.5249,2.4398,0,0.91491,1.2199,3.3547,4.5746,2.7447,4.8795,11.589,4.2696,5.4895,5.1845,25.618,0.60994,11.894,18.603,4.8795,2.7447,2.7447,1.2199,1.5249,3.0497,13.114,0,45.441,9.1491,1.5249,1.8298,11.284,3.0497,0.30497,0.60994,2.7447,0.91491,2.7447,2.4398,19.518,91.491,1.5249,0.60994,3.3547,0,3.3547,40.561,0,0,5.1845,2.1348,1.2199,1.2199,10.369,0.60994,3.9646,5.4895,8.2342,0
2,27.719,1.8078,2.4104,0.90389,5.4233,28.322,2.7117,5.7246,8.7376,15.366,4.5194,6.0259,11.148,2.7117,0.90389,0,0.60259,0.90389,6.3272,6.3272,1.8078,3.6155,6.3272,2.1091,5.4233,14.763,1.8078,1.8078,18.68,2.1091,17.174,2.7117,3.013,1.2052,0,5.122,9.6415,0.60259,56.644,4.5194,3.9168,0.60259,5.122,0.90389,0.90389,3.013,2.1091,3.013,3.6155,3.3143,16.873,81.049,7.5324,0.60259,0.90389,0,7.2311,34.95,0,1.2052,3.6155,3.013,0.3013,0.60259,7.8337,4.2181,3.6155,6.6285,4.5194,0
3,23.506,8.3252,1.9589,0.48972,1.9589,23.506,3.9177,6.3663,5.8766,24.976,2.9383,2.4486,6.856,3.9177,0.97943,0,0.48972,5.8766,8.3252,5.8766,1.4691,2.4486,2.9383,0.48972,0,8.3252,2.4486,0,14.691,0,12.243,5.3869,5.3869,2.9383,0.48972,1.9589,6.856,0.97943,58.766,4.4074,4.8972,0.48972,9.7943,3.428,0.48972,0.48972,3.428,0.48972,0.97943,7.3457,15.671,88.149,7.8355,0.97943,2.4486,0,5.8766,37.708,0.48972,0.97943,0,2.9383,1.4691,0.48972,14.202,1.4691,9.7943,5.3869,4.8972,0
2,17.879,2.7744,0.92478,3.6991,22.503,2.1578,5.2404,11.714,3.3909,22.195,2.4661,2.7744,10.481,4.3157,0.61652,0.30826,0,0.92478,4.9322,4.3157,0.61652,4.6239,4.0074,0,4.0074,5.857,31.751,0.92478,23.736,23.736,7.7065,8.0148,1.5413,4.6239,0,2.4661,9.8644,0.30826,40.691,6.4735,3.0826,1.8496,8.3231,0,1.8496,1.5413,3.6991,0.61652,1.8496,1.8496,18.496,96.794,0.92478,0.92478,2.1578,0.30826,6.7818,47.781,0.30826,0.30826,0.61652,0.30826,4.3157,2.1578,6.1652,0.61652,3.0826,7.09,2.1578,0
2,28.475,3.947,1.1277,4.7928,16.916,3.3831,4.5109,7.6121,4.2289,27.911,0.84579,2.8193,13.814,1.4096,0.56386,0,0.84579,1.9735,7.0482,3.6651,0,0.56386,2.8193,0,0.84579,5.6386,24.81,0.28193,14.66,15.788,1.6916,5.0747,5.0747,0.84579,0,1.9735,10.149,0.28193,62.87,3.947,2.8193,1.6916,10.149,0.28193,0.28193,1.9735,1.6916,1.6916,1.9735,4.2289,12.687,91.909,3.6651,0,1.4096,0.28193,5.3566,40.316,0,0,1.6916,2.5374,0.84579,1.6916,7.3301,0.28193,4.2289,2.2554,6.2024,0
2,13.944,4.2903,0.35753,3.2177,40.4,0.71505,5.7204,5.0054,2.8602,12.871,2.1452,7.508,7.1505,2.5027,0,0.35753,0.71505,1.7876,5.7204,5.3629,0.35753,5.3629,5.3629,5.0054,6.793,3.9328,9.6532,1.7876,7.508,8.5806,1.0726,2.1452,1.0726,2.5027,0.71505,5.3629,5.7204,3.2177,58.992,11.441,3.9328,2.8602,6.0779,7.1505,0.35753,3.2177,1.0726,0.35753,1.4301,0.71505,12.156,72.22,13.586,1.0726,1.4301,0,3.5753,33.607,0.35753,0,2.8602,0,0.35753,1.0726,6.4355,2.8602,9.2957,7.508,5.0054,3.2177
2,17.579,2.3217,3.6484,0.99503,3.9801,32.836,0.66335,4.3118,10.945,17.91,6.6335,2.3217,18.242,0.99503,1.6584,0,1.6584,2.6534,7.6285,4.9751,5.6385,3.3167,8.6235,0,0.99503,11.609,1.3267,2.6534,22.554,2.3217,9.6186,2.3217,1.3267,1.3267,0,2.9851,6.3018,0.66335,56.716,4.3118,2.9851,1.6584,3.3167,0.33167,1.9901,3.9801,4.3118,2.3217,4.3118,1.6584,20.896,96.517,11.609,1.3267,1.3267,0,5.9701,39.469,3.9801,0,0,6.3018,1.6584,0.99503,10.282,2.9851,2.3217,4.9751,1.9901,0
2,18.807,2.1494,6.9855,0.53735,6.4481,27.405,0.53735,3.2241,9.6722,16.658,6.4481,3.7614,15.046,2.1494,0,0,0,1.612,8.5975,6.4481,5.3735,3.2241,5.3735,0,1.612,12.896,4.8361,1.0747,24.718,1.612,15.583,3.2241,4.2988,0.53735,0,3.2241,6.9855,0,52.66,8.5975,4.2988,0.53735,5.9108,1.612,1.612,3.2241,2.6867,3.7614,0,2.1494,14.508,89.199,7.5228,0,1.0747,0,7.5228,28.479,0.53735,0,2.6867,2.1494,1.0747,0,15.046,2.6867,5.9108,4.2988,1.612,0
3,20.036,1.2143,3.643,0.60716,6.6788,25.501,1.8215,9.1075,8.5003,28.537,1.8215,4.8573,9.1075,2.4287,1.8215,0,0.60716,3.0358,6.6788,3.0358,2.4287,1.2143,3.0358,0,1.8215,15.786,4.8573,1.8215,20.644,0.60716,10.929,2.4287,1.8215,1.8215,0,2.4287,7.8931,0,60.109,9.7146,2.4287,2.4287,6.0716,1.2143,1.2143,1.2143,2.4287,1.2143,1.8215,0.60716,12.75,106.86,8.5003,0,1.2143,0.60716,3.0358,34.608,0,0,0.60716,1.2143,0,1.2143,12.143,3.0358,0.60716,6.6788,13.358,0
1,25.487,2.2489,4.8726,0.74962,7.1214,26.987,4.4978,4.8726,7.4963,12.369,6.3718,2.6237,4.1229,3.7481,0.37481,0,0,3.3733,4.1229,3.3733,0.74962,5.6222,8.6207,0,2.6237,14.993,2.2489,1.4992,27.361,0.74962,14.243,5.2474,1.8741,5.6222,2.6237,5.2474,7.4963,1.1244,62.594,6.3718,2.9985,0.37481,4.4978,1.8741,1.1244,1.4992,1.8741,0.74962,1.8741,1.8741,12.744,89.955,2.6237,0.74962,3.7481,0,4.8726,42.354,0.37481,4.4978,0,0.74962,1.1244,0.37481,15.367,3.7481,5.997,2.9985,2.2489,1.4992
1,14.607,3.0432,2.4346,0,4.8691,27.998,1.8259,4.2605,9.1296,10.956,10.347,3.0432,8.521,1.8259,0,0,2.4346,6.6951,0,3.0432,1.8259,7.3037,12.781,0,3.0432,12.173,1.8259,2.4346,21.911,0.60864,10.956,1.8259,1.8259,1.8259,0,1.8259,7.9124,0.60864,65.733,1.8259,1.8259,3.0432,3.0432,0.60864,4.2605,0.60864,4.2605,0.60864,1.2173,3.0432,9.7383,110.16,3.0432,0.60864,1.8259,0,7.3037,50.517,0.60864,3.6519,0.60864,0,0,0,15.825,3.6519,1.8259,7.3037,3.0432,0
1,21.871,6.0493,3.2573,0.46533,5.1187,28.851,3.2573,6.98,8.8413,18.148,3.7227,3.7227,6.98,0.93066,0,0,0.93066,1.8613,3.7227,8.8413,1.396,6.0493,6.0493,0.46533,0.93066,12.099,3.7227,2.792,25.128,3.2573,10.237,1.396,2.3267,7.4453,0,0.93066,2.792,0.46533,64.681,5.584,2.3267,0,3.2573,2.3267,0.46533,1.8613,2.792,0.93066,1.396,1.8613,12.564,81.433,6.5147,0,4.188,0.93066,7.9107,37.227,0,3.2573,0,0,0.93066,0,10.703,0.46533,5.1187,8.376,10.237,0
2,13.571,3.8775,1.1632,2.7142,27.142,3.4897,3.102,9.6937,5.8162,9.6937,3.4897,3.8775,12.796,0.38775,0.77549,0.77549,1.1632,0,3.8775,4.653,3.102,0.77549,3.102,11.245,0.38775,2.7142,34.509,2.7142,7.3672,10.469,1.9387,2.3265,1.551,0,0,3.102,8.5304,1.9387,64.754,12.796,1.551,2.3265,6.5917,1.1632,0.77549,1.9387,1.551,0.77549,1.1632,2.3265,15.122,88.019,3.8775,1.9387,0.38775,0,6.9794,31.02,0.38775,0,8.5304,3.4897,1.551,0,8.5304,0.77549,0,8.9182,4.2652,0
2,14.745,7.3727,0,8.0429,31.501,0,8.0429,7.3727,4.0214,18.767,1.3405,2.681,12.735,2.0107,0,0,0,10.054,3.3512,7.3727,1.3405,2.681,1.3405,0,0,1.3405,24.799,1.3405,12.064,11.394,4.6917,6.7024,3.3512,2.0107,0,3.3512,4.6917,1.3405,61.662,5.3619,3.3512,1.3405,5.3619,0.67024,2.0107,2.681,2.681,2.0107,0.67024,4.0214,11.394,89.812,7.3727,0.67024,3.3512,0.67024,5.3619,38.204,0.67024,0,2.0107,4.0214,0.67024,0,7.3727,6.0322,6.0322,7.3727,0,0
1,26.948,5.8795,1.9598,5.8795,0,25.478,0.97991,3.4297,7.8393,20.088,1.9598,2.4498,8.3293,0.97991,0,0,2.9397,1.4699,6.8594,6.8594,3.9196,2.4498,3.4297,0,17.148,10.779,3.4297,2.4498,17.148,0,11.759,4.4096,4.8996,3.4297,0,2.9397,6.3694,0,57.815,2.9397,1.9598,0.48996,7.8393,0,0.48996,0,0.48996,1.4699,3.4297,3.4297,9.3092,86.232,5.8795,0.48996,4.4096,0.48996,4.8996,48.016,0.48996,2.4498,1.9598,1.9598,2.4498,4.4096,9.7991,1.9598,3.9196,4.8996,12.249,0
2,17.924,2.0291,0,4.3963,18.262,2.3673,1.0145,12.175,6.4254,18.6,7.1018,5.4109,5.7491,0,1.6909,0,0.33818,2.7054,8.7927,3.3818,3.72,8.1163,4.7345,0,2.3673,5.4109,23.334,1.3527,7.44,14.204,10.822,2.0291,2.7054,2.7054,0,4.0582,7.44,1.0145,59.858,11.16,5.4109,0.67636,7.7782,4.3963,1.0145,0.67636,3.0436,0.67636,2.3673,4.0582,18.6,80.487,7.44,0.67636,0.67636,0.67636,5.0727,39.905,0,0,2.0291,4.3963,1.3527,2.0291,6.0873,1.3527,5.0727,6.7636,10.484,0
2,17.209,3.2558,2.7907,0.46512,4.186,27.907,1.3953,3.2558,11.163,20.93,4.186,1.8605,8.3721,4.186,0,0,0.93023,0.46512,9.3023,5.1163,1.3953,3.7209,7.907,1.3953,0,14.419,3.7209,2.7907,18.605,0.93023,11.628,7.4419,3.7209,0.93023,0.93023,4.6512,6.0465,0.93023,56.744,7.907,1.8605,1.8605,5.1163,5.5814,0,0.93023,2.7907,3.2558,0.93023,2.3256,15.349,93.023,8.8372,0,0,0,6.0465,33.023,0,0,1.3953,1.3953,0.93023,0,18.605,0.46512,12.093,3.2558,2.3256,2.3256
2,22.706,3.7843,1.4191,8.9877,25.544,2.8382,7.5686,13.245,2.8382,26.017,1.4191,2.3652,6.1495,2.3652,0,0.47304,0.94607,3.3113,4.7304,4.7304,0.94607,5.2034,1.4191,0,2.8382,4.2573,23.179,2.8382,19.868,17.502,4.7304,5.2034,1.4191,1.8921,0,0.94607,7.5686,0,61.022,3.7843,2.3652,0.47304,7.5686,0,0.94607,2.3652,4.7304,0.94607,3.3113,2.3652,22.706,97.919,1.4191,0.47304,3.3113,0.47304,7.0956,44.939,0.47304,0.94607,0.94607,0.47304,0,0.94607,13.718,1.4191,2.3652,5.6764,6.1495,0
2,16.984,3.2211,0.87848,4.6852,18.448,3.8067,4.3924,13.47,7.3206,10.542,3.2211,3.2211,7.3206,0,1.757,1.1713,0.87848,1.757,6.735,4.3924,1.4641,2.6354,5.5637,1.1713,6.1493,2.6354,22.548,1.1713,10.835,16.105,4.6852,4.3924,2.9283,0.29283,3.8067,3.2211,11.127,0.58565,56.515,7.9063,3.5139,2.0498,4.0996,0.29283,0.29283,1.1713,2.3426,0.58565,4.0996,2.0498,16.984,71.449,4.6852,1.4641,1.4641,2.0498,6.1493,48.609,0.29283,0.29283,3.8067,0.58565,1.4641,1.4641,12.592,2.3426,1.1713,12.299,3.2211,0
2,17.937,3.3632,1.1211,2.6158,24.29,4.4843,1.8685,15.321,3.7369,5.9791,3.7369,3.3632,10.837,1.1211,0.37369,0,0,0,7.4738,10.09,5.2317,0,5.2317,4.858,5.6054,1.8685,18.685,2.2422,11.584,10.463,1.4948,1.1211,1.4948,0.74738,1.8685,2.6158,7.1001,1.1211,68.386,8.2212,2.6158,0.74738,4.4843,0.74738,0.74738,0.37369,2.6158,0.74738,4.4843,0.74738,11.211,99.776,4.1106,1.4948,0,0,7.4738,42.227,0,1.1211,8.2212,3.3632,0,0.74738,9.716,1.8685,0.37369,11.584,0.37369,0
1,22.116,2.1683,2.1683,0.43365,6.9384,23.851,2.6019,2.1683,7.8057,31.657,4.3365,3.0356,10.841,0.8673,0.43365,0.43365,0.8673,2.6019,5.2038,5.2038,0.8673,2.1683,8.673,0,8.2394,12.576,2.6019,1.301,25.585,0,9.5403,3.4692,2.6019,2.6019,0,2.6019,6.0711,0,58.977,1.7346,4.3365,1.301,11.275,0.8673,3.4692,0.8673,0.8673,2.1683,3.0356,3.4692,16.912,90.199,3.0356,0.43365,3.0356,0,7.8057,41.197,0.43365,4.3365,0.8673,1.301,0.8673,1.301,9.1067,6.9384,11.709,3.9029,12.142,0
1,25.776,4.2083,1.5781,0.52604,12.625,17.885,5.7864,3.1562,8.4166,23.146,7.8906,4.7344,8.9427,3.1562,0.52604,0,0.52604,4.2083,6.8385,6.3125,1.0521,3.1562,11.573,0,0,17.359,7.8906,3.1562,32.614,2.6302,8.9427,8.9427,4.7344,1.0521,0,4.2083,6.8385,0,57.864,3.1562,2.1042,1.0521,3.6823,0,1.0521,0.52604,2.1042,2.1042,2.1042,3.6823,15.255,92.057,5.2604,0,3.6823,0,9.4687,37.875,0,1.5781,0.52604,1.0521,0,1.0521,9.4687,2.6302,11.047,5.2604,8.4166,0
1,22.306,5.0505,3.367,0,9.2593,20.623,4.2088,2.5253,7.5758,22.727,3.367,4.6296,8.8384,2.1044,0,0,2.5253,1.6835,8.8384,4.6296,2.9461,2.5253,6.734,0,2.5253,18.098,1.6835,6.734,26.936,3.367,10.522,4.2088,1.2626,1.6835,0,1.6835,9.6801,0,61.448,2.9461,2.1044,2.1044,5.0505,2.1044,0.84175,2.5253,4.2088,1.6835,3.7879,2.1044,17.677,83.754,4.2088,1.2626,3.367,0,6.3131,39.562,2.1044,2.5253,4.6296,2.9461,1.2626,1.2626,8.8384,1.2626,4.6296,3.7879,6.734,0
1,26.749,1.0288,3.6008,0.5144,6.1728,18.519,1.0288,3.6008,8.7449,14.403,5.144,2.572,8.2305,0,0.5144,0,0,0.5144,3.6008,5.144,0.5144,3.6008,8.2305,0,4.1152,13.889,3.6008,1.5432,22.634,1.0288,8.7449,2.572,2.0576,1.5432,0.5144,1.0288,6.1728,1.0288,75.617,2.572,2.572,2.0576,4.6296,1.0288,3.0864,0,3.0864,1.0288,1.0288,4.1152,18.004,105.97,1.0288,0.5144,1.5432,0,7.2016,46.296,0,2.572,1.0288,0,2.0576,0,8.7449,1.0288,3.0864,7.716,13.889,0
1,22.638,1.8426,3.1587,0,5.791,22.374,3.9484,3.422,11.582,22.111,5.5278,5.0013,8.4233,1.5794,0.26323,0,0.78968,2.6323,5.5278,5.2645,1.0529,2.8955,5.791,0,0,16.847,2.6323,1.5794,34.22,0.52645,15.004,6.5807,1.0529,0.78968,0.26323,2.1058,6.8439,1.5794,63.175,4.2116,2.6323,1.5794,5.0013,1.0529,1.8426,2.1058,1.3161,1.5794,3.422,1.5794,12.372,98.71,2.8955,0.26323,5.0013,0,11.056,41.063,0.26323,3.422,0.52645,0.52645,0.52645,0.52645,10.529,1.3161,7.3704,3.422,5.5278,0
3,22.15,0.92293,4.1532,1.8459,2.7688,28.611,2.7688,8.7679,10.152,23.535,3.2303,5.0761,14.305,5.9991,0,0,1.8459,1.8459,9.6908,5.0761,0,3.6917,3.2303,0,1.3844,8.3064,0.92293,3.2303,20.766,0.92293,12.921,3.2303,4.6147,0.92293,0,4.6147,8.7679,0,58.145,3.6917,3.2303,1.8459,5.5376,1.8459,0.46147,0,1.8459,5.5376,1.8459,3.2303,11.075,88.14,1.8459,0.46147,0.92293,0,6.922,33.226,0,0,1.8459,1.8459,1.8459,0.46147,10.614,1.8459,11.537,5.0761,2.7688,0
2,27.412,7.6754,1.0965,7.6754,22.478,1.0965,9.3202,9.8684,3.8377,22.478,2.193,4.9342,10.965,3.2895,0,0,1.6447,1.0965,6.5789,7.1272,1.0965,2.7412,1.6447,1.6447,0.54825,6.0307,25.219,3.2895,13.158,14.803,2.7412,6.5789,7.6754,2.193,0,0,13.706,0.54825,50.439,9.3202,0.54825,1.6447,9.8684,0,0,1.6447,1.0965,0.54825,2.7412,0,12.061,86.075,6.0307,0.54825,1.0965,0,4.386,36.732,0.54825,0,1.6447,1.6447,0.54825,0.54825,12.61,1.6447,2.7412,3.2895,2.193,0
2,19.744,2.6681,2.1345,5.0694,23.746,2.4013,6.4034,11.74,4.2689,12.273,2.6681,4.5358,10.406,2.6681,2.4013,0.80043,1.0672,0.80043,8.5379,3.2017,2.1345,1.8677,4.8026,0.26681,7.7375,4.2689,24.28,1.334,14.408,12.54,1.334,5.0694,2.4013,1.0672,1.334,3.4685,9.8719,0,44.023,9.0715,2.4013,1.334,6.4034,3.7353,0.80043,2.1345,4.0021,0.80043,1.8677,0,16.009,67.503,4.5358,0.80043,1.8677,1.8677,6.937,38.687,0.26681,1.334,2.4013,1.0672,2.9349,0.53362,12.54,1.6009,0.53362,12.273,1.0672,1.334
1,13.341,1.6676,5.5586,0,6.1145,31.128,5.0028,10.006,12.229,25.014,3.3352,1.6676,6.1145,6.1145,0,0,0,2.2235,9.4497,3.3352,0.55586,2.7793,6.1145,0,0,12.785,6.6704,3.3352,14.452,1.1117,12.785,3.8911,1.1117,5.0028,0,1.1117,6.1145,0.55586,54.475,1.1117,1.6676,4.4469,0,3.8911,1.1117,1.1117,0.55586,0.55586,3.8911,0,15.564,102.83,4.4469,2.2235,0,0,7.7821,53.363,0,3.8911,2.2235,0.55586,0,0,17.232,1.6676,8.338,8.8938,2.2235,0
1,15.485,1.2225,7.7425,0.4075,3.26,27.71,2.8525,8.5575,8.15,19.56,5.705,1.63,5.2975,2.0375,0.4075,0.815,1.2225,0.815,4.89,2.8525,0.4075,2.445,7.7425,0,0.815,12.632,4.075,2.0375,19.152,0.4075,9.3725,5.705,0.815,0.4075,0,2.8525,6.1125,0.4075,68.052,3.6675,2.0375,0.815,8.965,0.4075,2.0375,1.63,2.0375,3.26,2.445,1.63,10.187,103.1,2.445,0.4075,2.8525,0.815,5.705,46.047,0.4075,2.445,1.2225,0.815,2.445,0,17.93,0,6.52,4.4825,4.075,0
1,27.027,3.9746,1.5898,3.9746,27.027,2.3847,6.3593,7.9491,3.1797,20.668,1.5898,3.1797,6.3593,0.79491,0.79491,0,1.5898,0,4.7695,2.3847,0.79491,1.5898,2.3847,10.334,0.79491,3.9746,31.002,0,22.258,12.719,3.1797,4.7695,2.3847,0,0,7.1542,7.9491,0,46.9,5.5644,3.9746,3.1797,5.5644,8.744,0,3.9746,2.3847,0.79491,3.1797,2.3847,15.103,76.312,3.9746,0.79491,2.3847,0.79491,7.9491,41.335,0,0.79491,2.3847,2.3847,0.79491,0.79491,15.103,0,0.79491,11.129,8.744,0
2,22.862,1.4112,4.7982,0.28225,5.6449,24.838,1.6935,4.2337,9.3141,20.886,5.6449,3.6692,9.0319,2.5402,0.56449,0.28225,1.129,3.9515,9.8786,6.2094,1.9757,5.0804,7.3384,3.9515,0.84674,14.677,4.2337,3.6692,17.782,1.9757,10.725,6.4917,3.387,4.2337,0,2.5402,5.0804,1.129,57.014,7.6207,2.258,1.6935,5.9272,1.6935,1.129,0.28225,2.5402,0.56449,1.6935,3.6692,11.854,94.27,3.6692,0.56449,0.28225,0.28225,7.9029,33.305,0.84674,0,0,1.6935,1.129,0.28225,10.161,2.258,7.0562,4.5159,2.5402,0
2,16.756,1.5232,0.76162,1.5232,31.988,0,11.424,7.6161,0.76162,12.186,0,1.5232,16.756,0.76162,0.76162,0,0,3.0465,6.0929,6.0929,0,0.76162,1.5232,0,0,2.2848,15.232,7.6161,13.709,12.186,9.901,2.2848,7.6161,3.8081,0,1.5232,9.901,0,61.691,6.0929,3.8081,0.76162,6.8545,0.76162,1.5232,1.5232,1.5232,0,1.5232,3.8081,6.0929,95.963,11.424,3.0465,1.5232,0.76162,4.5697,37.319,0,0,3.0465,0,2.2848,0,10.663,12.947,1.5232,1.5232,3.0465,0
2,18.742,4.1296,0.31766,6.6709,26.366,3.1766,2.859,11.436,4.1296,9.8475,4.7649,6.3532,9.5299,0.95299,0.31766,0.31766,0.63532,0.95299,6.6709,9.5299,1.906,6.3532,5.4003,2.5413,6.9886,4.7649,22.554,1.5883,18.424,11.118,3.4943,0.95299,1.906,3.4943,0,3.4943,10.483,1.2706,56.226,6.0356,1.5883,3.1766,5.4003,0,1.5883,0.31766,2.5413,2.5413,5.4003,2.5413,11.118,92.757,2.2236,1.906,0.95299,0,6.0356,43.52,0,0.95299,6.3532,1.906,3.1766,1.2706,9.5299,0.63532,2.2236,6.0356,0.95299,1.2706
3,31.407,2.0938,4.6064,0.41876,5.4439,28.894,2.5126,6.2814,6.7002,25.544,1.675,5.0251,11.725,3.7688,0,0,0.41876,4.6064,6.7002,8.794,0,1.2563,2.9313,1.675,3.7688,12.982,1.2563,2.0938,20.938,2.5126,15.494,7.1189,5.4439,4.6064,0,3.7688,7.1189,0.83752,59.883,7.9564,2.5126,0.83752,5.0251,1.675,0,0.83752,3.7688,2.0938,2.0938,2.9313,14.657,79.564,5.4439,0.83752,0,0.83752,7.1189,33.92,0,0,0,0,2.9313,0.83752,13.4,2.0938,7.1189,5.4439,2.0938,0
1,27.055,1.0406,3.1217,1.0406,3.1217,18.73,3.1217,4.1623,8.3247,26.015,2.0812,2.0812,5.2029,4.1623,1.0406,0,1.0406,3.1217,2.0812,5.2029,0,2.0812,4.1623,10.406,0,6.2435,2.0812,6.2435,14.568,7.2841,9.3652,8.3247,6.2435,3.1217,0,4.1623,5.2029,0,58.273,3.1217,9.3652,0,3.1217,0,3.1217,0,3.1217,0,1.0406,10.406,18.73,74.922,1.0406,0,9.3652,0,5.2029,43.704,1.0406,2.0812,0,0,0,4.1623,11.446,3.1217,9.3652,10.406,14.568,0
2,9.4473,1.8895,3.7789,0.94473,3.3066,29.759,1.8895,3.3066,10.864,24.563,2.8342,1.8895,5.196,0,0,0,0.94473,2.3618,5.6684,3.7789,1.8895,1.8895,8.0302,0,0.47237,8.975,2.8342,3.3066,18.895,1.4171,10.864,4.2513,6.6131,2.8342,0.47237,2.8342,4.7237,0,66.604,4.7237,1.8895,0.47237,3.7789,1.8895,0,1.4171,0.47237,0.47237,0.94473,4.2513,14.171,130.37,3.3066,0.94473,1.4171,0,2.3618,30.704,0,0,1.8895,2.8342,0.47237,0,8.0302,0.47237,15.116,7.0855,5.196,0
2,10.109,6.8742,0.80873,6.4699,33.158,4.8524,3.6393,10.514,6.0655,12.131,4.8524,2.4262,9.7048,0.40437,0.40437,0.40437,0.40437,1.2131,3.6393,6.0655,3.2349,0.80873,6.0655,2.8306,1.6175,4.0437,31.541,0,9.7048,13.344,0.80873,2.4262,2.0218,1.2131,0,0.40437,9.3004,0.40437,63.081,11.322,2.4262,2.0218,4.448,0,1.6175,1.2131,1.2131,0.40437,1.6175,1.6175,11.727,96.239,5.6611,0,1.2131,0,7.683,32.349,0,1.6175,6.0655,2.0218,0.40437,0,8.8961,0.80873,0.40437,12.94,2.8306,0
2,20.476,1.321,0.6605,5.284,21.136,2.9723,2.642,12.88,4.9538,11.559,4.9538,5.9445,9.247,1.6513,0.6605,0,0.99075,0.99075,6.2748,5.6143,4.6235,1.6513,5.284,4.6235,2.3118,2.642,28.402,3.963,14.531,14.201,2.642,1.9815,2.3118,1.9815,0,4.2933,8.9168,0.99075,57.133,12.88,7.2655,1.321,1.321,0.33025,1.6513,1.321,2.642,0.6605,3.963,1.9815,21.466,94.122,1.321,1.321,2.642,0,9.247,29.062,0,1.321,12.219,2.3118,0.33025,0,5.6143,0,1.321,6.2748,3.6328,0
2,19.074,4.065,0,4.3777,24.078,4.6904,2.5016,9.3809,5.0031,16.573,3.4396,4.6904,8.4428,0.93809,0.93809,0.3127,2.8143,0.3127,8.4428,3.127,2.5016,4.6904,4.065,2.8143,9.6936,5.6285,27.205,2.1889,13.446,11.57,2.5016,2.5016,5.6285,2.1889,0,3.127,10.319,0,47.217,6.2539,1.8762,1.2508,4.6904,0.3127,0.3127,0.3127,3.4396,0.62539,2.8143,3.7523,15.635,72.545,7.5047,1.5635,1.5635,0,7.5047,43.152,0.62539,0,5.0031,1.2508,0.62539,1.8762,12.821,2.8143,0.93809,11.57,2.8143,0
2,13.525,9.2984,1.6906,3.8039,40.152,8.0304,6.3398,9.721,2.5359,10.989,2.5359,2.9586,7.6078,0.84531,0.42265,0,0.84531,0.84531,3.3812,6.3398,0.84531,1.268,1.268,0.42265,2.5359,1.6906,32.967,0.42265,8.4531,6.3398,1.268,3.3812,0.42265,0,0,0.84531,9.721,1.268,60.44,6.7625,3.8039,5.4945,15.638,0,5.9172,0.84531,3.8039,0.42265,1.6906,0,13.525,90.448,2.5359,1.268,0,0,5.9172,26.205,0.84531,0.42265,5.9172,1.6906,0,0.42265,7.6078,1.268,0.42265,16.906,0.42265,0
2,20.672,0.73828,3.6914,1.1074,3.6914,37.283,1.1074,6.6445,10.705,17.35,8.8594,4.4297,11.074,0.73828,0.36914,0,0.73828,1.4766,4.4297,7.3828,1.1074,3.6914,9.5976,0.36914,1.8457,13.658,2.584,0.73828,22.887,1.8457,11.074,6.6445,2.584,7.7519,0,1.8457,7.0137,0,57.955,7.0137,2.2148,3.6914,4.7988,2.2148,0,3.6914,2.9531,1.4766,1.4766,1.8457,17.35,84.164,8.4902,0.36914,0.73828,0,6.2754,31.008,0,0.36914,0.73828,1.1074,0.36914,1.1074,16.242,1.1074,3.6914,6.2754,2.584,0
2,24.048,6.68,0,3.34,28.724,0.668,10.02,8.684,3.34,8.016,3.34,5.344,6.68,2.672,0,0,1.336,1.336,3.34,2.672,0.668,2.672,4.008,0,3.34,1.336,22.712,0.668,14.696,10.688,4.008,2.004,4.008,1.336,0,2.004,4.676,0,70.808,8.684,4.008,0.668,6.012,0,0,1.336,3.34,0,1.336,2.672,14.028,101.54,5.344,1.336,2.004,0.668,2.004,35.404,0.668,0.668,0,0.668,2.004,0.668,7.348,3.34,4.008,6.012,0,0
2,28.559,3.8944,1.2981,2.5963,25.097,4.3271,6.058,15.145,3.029,14.28,0.43271,6.058,11.683,0.86543,0.86543,0.86543,0.86543,0.86543,4.3271,4.7598,0.43271,2.5963,2.5963,0.43271,1.7309,3.029,26.828,2.5963,14.712,17.741,0.86543,6.058,6.058,0.86543,0,3.8944,9.9524,0,59.714,10.385,2.1636,1.7309,8.2215,0,0,0.43271,0.43271,0.43271,2.1636,3.8944,11.683,89.139,2.5963,0.86543,0.86543,0.86543,4.7598,30.723,0.86543,0.43271,2.5963,1.2981,2.5963,1.7309,8.6543,1.2981,1.2981,11.683,2.5963,0
1,23.773,5.0582,4.0465,0.50582,6.5756,22.762,2.0233,7.0814,9.6105,13.151,7.5873,3.0349,6.5756,0.50582,0,0,0.50582,1.0116,5.0582,3.5407,2.5291,6.0698,12.14,0,2.0233,12.14,2.5291,3.5407,18.715,2.5291,8.0931,2.5291,3.0349,0.50582,0,1.0116,6.5756,1.0116,76.884,4.5524,6.0698,1.5175,5.564,0,2.0233,2.5291,2.5291,1.0116,2.5291,0.50582,12.645,84.977,7.0814,0.50582,1.5175,0,7.5873,35.407,0,2.0233,1.0116,5.564,0,0.50582,12.645,1.5175,3.5407,7.0814,4.0465,0
1,14.304,1.3004,4.5514,0,6.502,26.658,0.65019,7.1521,9.7529,23.407,0.65019,2.6008,2.6008,3.251,0.65019,0.65019,0.65019,2.6008,2.6008,9.1027,0,0,4.5514,0,0,8.4525,2.6008,1.3004,24.707,0.65019,10.403,9.1027,0.65019,1.3004,0,1.9506,8.4525,0.65019,59.818,0,5.8518,3.251,8.4525,0.65019,6.502,3.251,0.65019,0.65019,3.9012,1.9506,12.354,107.93,3.9012,1.3004,0,0,9.1027,53.316,0,2.6008,0.65019,0.65019,1.3004,0.65019,11.704,0,4.5514,3.9012,7.1521,0
3,12.704,8.167,4.5372,0.90744,2.7223,29.946,4.5372,3.6298,9.9819,28.131,11.797,0.90744,9.9819,0,0.90744,0,1.8149,1.8149,5.4446,7.2595,8.167,0.90744,10.889,0,0,14.519,2.7223,3.6298,25.408,1.8149,5.4446,3.6298,0,0.90744,0,0,9.0744,0,52.632,9.9819,3.6298,0,7.2595,0,0,0.90744,0.90744,4.5372,0.90744,0,10.889,89.837,11.797,0,0,0,6.3521,24.501,0,0.90744,3.6298,0.90744,0,1.8149,8.167,2.7223,6.3521,4.5372,9.9819,0
1,17.531,2.9218,0,6.5741,37.253,1.4609,5.8437,7.3046,2.9218,12.418,0.73046,2.9218,3.6523,4.3828,0,0,1.4609,2.9218,9.496,3.6523,5.1132,4.3828,7.3046,0,2.1914,4.3828,21.914,2.1914,13.879,11.687,1.4609,0.73046,6.5741,2.9218,0,0.73046,5.8437,0.73046,59.167,1.4609,4.3828,2.9218,9.496,0,0.73046,0.73046,0.73046,1.4609,0.73046,2.9218,12.418,97.151,16.801,0,0.73046,0.73046,2.9218,35.062,1.4609,3.6523,0,1.4609,0.73046,6.5741,0,0,13.879,6.5741,2.1914,0
1,23.619,4.0107,4.4563,0,5.3476,16.043,5.3476,5.3476,9.8039,29.857,0.89127,4.0107,9.3583,1.7825,0,0,0,0.89127,5.7932,5.3476,1.3369,3.5651,0,0,0,18.717,4.902,2.6738,35.205,2.2282,12.478,4.4563,1.7825,2.6738,0,1.7825,5.7932,0.44563,63.725,2.6738,2.6738,0.44563,8.467,0,0.89127,2.2282,2.6738,1.3369,1.7825,3.1194,20.499,98.485,6.2389,0.44563,3.5651,0.44563,7.1301,38.324,0,3.5651,0,0.89127,2.6738,0,7.1301,3.1194,9.3583,3.1194,12.478,0
1,19.338,3.0534,2.5445,0,3.5623,22.901,4.0712,3.5623,11.196,24.936,5.0891,5.598,7.1247,6.1069,0,0,0.50891,4.0712,11.705,4.0712,0,5.0891,5.598,0,1.0178,14.758,12.214,2.0356,24.936,3.0534,7.6336,4.5802,1.5267,6.1069,0,2.5445,3.5623,0,56.489,4.0712,2.5445,0.50891,10.178,1.5267,0,2.0356,1.0178,0.50891,2.5445,1.5267,15.776,82.443,4.0712,0.50891,2.5445,0.50891,8.6514,38.168,0,6.6158,1.5267,0.50891,3.0534,0.50891,10.178,3.5623,5.598,6.1069,11.196,0
1,20.344,2.7125,2.7125,0,5.877,21.7,3.6166,8.5895,9.0416,18.987,5.425,4.0687,1.8083,3.1646,0,0.45208,0.90416,0.90416,11.754,5.425,0.90416,2.7125,7.2333,0,0,10.398,4.9729,5.425,24.864,0.90416,7.2333,2.7125,1.8083,1.8083,0.45208,3.6166,6.7812,0.45208,61.031,4.9729,3.6166,1.3562,5.425,2.7125,1.3562,2.7125,1.3562,1.8083,1.3562,1.3562,19.439,83.183,4.5208,0.45208,4.0687,0,6.3291,47.92,0.90416,4.5208,0.90416,0.45208,2.2604,1.3562,12.206,1.8083,7.2333,5.425,9.0416,0
1,26.138,2.5295,0.84317,1.6863,32.04,0,4.2159,7.5885,2.5295,14.334,5.059,5.9022,5.9022,1.6863,0,0.84317,0.84317,0.84317,10.118,5.059,5.059,4.2159,8.4317,0,0,1.6863,25.295,0,10.961,13.491,3.3727,2.5295,3.3727,3.3727,0,1.6863,10.118,0.84317,64.081,4.2159,0.84317,0.84317,9.2749,13.491,0,0,1.6863,4.2159,1.6863,4.2159,10.118,75.042,5.059,0,4.2159,0,4.2159,43.845,0,1.6863,3.3727,5.9022,0.84317,1.6863,6.7454,2.5295,5.9022,8.4317,0.84317,0
3,24.021,1.5666,6.2663,0.52219,2.611,20.888,0.52219,4.6997,14.621,32.898,1.0444,4.6997,12.01,1.5666,0,0.52219,1.0444,1.5666,6.7885,3.6554,0.52219,1.0444,1.5666,0,0,16.71,2.0888,3.6554,26.11,2.611,10.444,8.8773,2.611,5.7441,0,2.0888,4.6997,0,57.963,10.966,2.0888,1.5666,3.6554,0,0.52219,4.6997,2.611,3.1332,3.1332,1.5666,13.055,104.44,3.6554,1.0444,2.0888,0,6.7885,25.587,0,0,0.52219,2.0888,1.0444,0,7.3107,0.52219,12.01,3.1332,4.6997,0
1,26.362,4.6866,1.1716,0.58582,5.2724,22.261,4.1008,2.9291,9.3732,22.261,2.9291,3.5149,8.7873,1.1716,0.58582,1.1716,0.58582,1.7575,5.8582,8.7873,2.3433,2.9291,5.2724,0,11.131,16.989,1.7575,5.2724,21.675,0,7.6157,5.8582,3.5149,2.3433,0,0.58582,4.1008,0,55.653,4.1008,4.6866,1.1716,9.959,0,0.58582,3.5149,2.9291,1.1716,2.9291,2.9291,12.888,101.35,8.2015,0.58582,1.7575,0,4.1008,43.937,0,1.7575,1.7575,1.7575,2.9291,1.1716,10.545,4.1008,4.6866,7.6157,9.3732,0
2,18.018,1.0811,3.2432,5.7658,34.595,3.964,0,3.2432,7.9279,17.297,6.8468,3.964,11.171,1.0811,0.36036,0,0.36036,2.5225,7.9279,3.6036,1.4414,4.6847,7.2072,0,0.36036,10.45,3.2432,1.4414,22.342,2.8829,14.054,6.1261,0.36036,1.4414,0,2.8829,7.9279,0,65.586,7.9279,2.5225,2.5225,5.4054,0.72072,3.2432,0,2.8829,0.36036,2.8829,1.4414,11.532,93.694,4.3243,0.36036,1.0811,0,6.4865,33.153,0,0.72072,1.0811,1.4414,1.0811,0.72072,9.7297,1.4414,2.1622,5.7658,5.4054,0
1,21.815,2.9747,1.9831,0.49579,5.4536,18.344,1.4874,3.9663,8.9241,32.226,5.9494,2.4789,7.9326,2.4789,0,0.49579,0,1.4874,7.9326,5.9494,1.4874,0.49579,8.4284,0,5.9494,16.361,1.9831,1.4874,25.285,1.4874,8.4284,3.4705,3.4705,0.99157,0,1.4874,8.9241,0,63.956,2.4789,2.9747,0.49579,8.9241,0,0,1.4874,2.4789,1.9831,1.9831,2.4789,11.899,108.08,2.4789,0,2.4789,0,8.9241,41.646,0,4.9579,0.99157,0.49579,0.99157,0.49579,11.899,5.9494,14.378,5.9494,12.395,0
1,23.61,3.3228,4.8968,0.34977,3.4977,20.811,2.7982,6.9955,9.4439,18.363,6.121,4.0224,13.816,1.0493,0.69954,0,0.69954,2.0986,6.8206,3.8475,0.87443,3.6726,9.4439,0.87443,0.17489,17.314,3.4977,4.1973,36.201,0.17489,19.412,2.7982,4.0224,2.6233,1.0493,3.4977,6.121,1.0493,56.663,3.148,3.148,1.574,4.547,1.0493,0.87443,1.574,1.2242,1.3991,1.7489,2.7982,20.112,82.896,2.7982,0.17489,3.8475,0,10.318,37.251,0,3.4977,0.69954,0.34977,0.34977,0.17489,13.291,1.7489,4.1973,5.0717,8.3945,0
1,16.117,1.4652,4.0293,0,5.4945,24.176,3.663,6.2271,12.821,28.938,4.7619,3.663,7.6923,5.8608,0.3663,0,1.8315,1.0989,4.3956,8.0586,1.0989,3.2967,8.4249,0,0,12.821,6.2271,2.9304,23.81,1.4652,12.821,5.4945,3.663,3.663,0.7326,1.8315,5.1282,0.3663,64.469,2.1978,2.1978,0.7326,10.256,0.7326,1.0989,1.8315,0.3663,0,2.5641,2.1978,15.385,90.842,5.1282,0.3663,6.5934,0.7326,8.4249,43.59,0,2.1978,0,0.3663,1.8315,1.4652,9.8901,1.4652,9.8901,5.1282,1.8315,0
3,18.97,3.794,1.626,1.084,1.626,20.054,3.794,4.336,8.6721,24.932,8.6721,3.252,11.924,3.794,0,0,1.626,2.71,7.0461,6.5041,1.084,1.626,10.298,0,1.626,17.344,3.252,2.71,17.886,0.542,10.298,3.794,3.794,4.878,0,2.168,5.9621,0,53.659,10.298,2.168,3.252,3.794,1.084,1.084,2.168,2.71,1.626,0.542,0,16.26,99.729,4.878,0.542,0,0,8.1301,38.482,0,0,5.9621,5.4201,1.084,1.626,11.382,0,5.4201,5.9621,4.336,0
2,20.33,2.6851,4.9866,0.38358,2.3015,24.549,1.5343,7.6717,12.658,19.946,3.0687,5.3702,12.658,0.38358,0,0,0.38358,2.3015,5.3702,8.8224,0,3.4522,1.1507,0,0.38358,16.878,7.6717,1.9179,28.002,1.1507,21.864,2.3015,2.3015,1.9179,0,2.6851,8.4388,0.76716,59.455,9.5896,4.9866,2.3015,5.3702,0.76716,0,0.38358,3.0687,1.1507,1.5343,3.0687,10.74,114.31,6.1373,1.1507,0,0.38358,8.0552,34.522,0,0,0.76716,2.3015,0.76716,0.38358,10.357,0,5.7537,4.603,3.0687,0
2,15.283,3.7175,1.2392,3.7175,24.37,7.0219,2.0653,7.848,1.2392,6.6088,4.9566,4.1305,16.935,0,0,0,0.41305,0,2.8914,9.0872,5.7827,1.2392,5.3697,7.848,2.0653,1.2392,29.327,2.8914,7.848,13.218,0.8261,1.2392,0.41305,1.2392,0,3.3044,9.9133,0,63.61,9.0872,1.2392,2.4783,5.3697,0.41305,4.5436,0,1.2392,3.7175,3.7175,2.0653,17.348,100.37,3.3044,1.2392,0.41305,0.41305,3.7175,31.805,0,0,14.044,2.8914,0,0.41305,7.4349,1.6522,0,11.979,0.41305,0
1,17.281,2.5413,3.5578,1.0165,3.5578,21.601,7.6239,8.1321,7.878,20.839,4.3202,4.5743,7.1156,2.7954,1.0165,0,1.0165,1.5248,6.8615,5.0826,0.25413,4.3202,6.6074,0,1.0165,13.977,1.7789,1.7789,21.855,0.50826,16.264,5.5909,1.7789,2.7954,0.25413,6.6074,6.8615,2.033,70.14,5.0826,1.2706,2.2872,5.3367,1.2706,5.5909,0.25413,1.2706,0.25413,3.0496,3.5578,18.297,92.503,7.1156,0.25413,4.0661,0.76239,9.1487,33.037,0.25413,2.7954,1.7789,1.7789,2.5413,1.2706,12.706,2.033,9.1487,3.5578,3.8119,0
2,23.599,2.5284,0.42141,4.2141,29.077,2.107,3.3713,13.906,5.8997,13.485,4.6355,3.7927,13.064,0,0,0,0.84281,1.6856,4.2141,4.6355,3.7927,2.9499,2.5284,5.4783,1.6856,3.3713,23.599,0.42141,13.906,20.228,3.7927,2.107,2.5284,2.9499,0,2.9499,8.0067,1.6856,57.733,9.271,1.6856,2.5284,3.3713,0,0,0.84281,2.107,1.2642,3.7927,1.2642,20.649,92.288,0.42141,1.6856,2.9499,0,6.7425,31.184,0.42141,1.2642,14.749,5.4783,0.84281,0.84281,9.6924,0.42141,0.84281,6.7425,0.42141,0
1,19.982,1.7762,3.1083,0,5.7726,28.863,3.5524,6.6607,9.7691,19.982,2.2202,5.3286,4.4405,2.6643,0.44405,0.8881,0.8881,2.2202,4.8845,3.5524,0.8881,1.3321,3.9964,0.44405,4.4405,11.545,1.3321,3.1083,20.87,2.2202,18.206,3.5524,3.9964,0.44405,0,2.6643,8.4369,0.44405,56.838,3.5524,2.2202,0.8881,5.3286,1.3321,1.7762,4.4405,3.1083,0.44405,1.3321,3.5524,16.43,82.593,8.4369,0,2.2202,0,6.2167,44.405,0.44405,3.9964,0,1.7762,0.44405,1.7762,9.7691,2.6643,9.325,5.3286,7.1048,0
1,32.471,3.0441,5.0736,1.0147,9.6398,20.802,3.0441,3.0441,9.1324,19.28,4.5662,2.0294,8.1177,4.0589,0.50736,0,0,0.50736,9.6398,6.5956,1.5221,4.5662,6.5956,0,3.0441,14.713,3.0441,3.0441,30.441,0,10.654,1.0147,3.5515,2.0294,0.50736,1.0147,3.0441,0.50736,72.045,1.5221,2.0294,2.0294,4.5662,0,1.5221,1.0147,2.0294,3.0441,3.0441,3.0441,16.235,91.324,6.0883,0,1.5221,0,8.6251,36.022,0.50736,5.0736,1.0147,1.0147,4.5662,2.0294,7.6104,1.5221,5.0736,3.0441,16.235,0
2,19.203,0.96015,0,4.8008,18.723,2.8805,1.4402,8.6414,4.3207,11.042,2.4004,4.3207,11.042,2.4004,0,0,0.96015,0.96015,6.7211,9.6015,1.9203,3.3605,6.241,4.8008,7.6812,1.9203,23.524,2.8805,19.203,18.723,3.8406,1.4402,3.3605,2.4004,0,5.2808,9.1215,0.96015,64.33,4.3207,1.9203,1.4402,3.3605,0,1.4402,1.4402,1.9203,1.9203,4.3207,2.4004,12.002,105.14,4.8008,0.96015,1.4402,0,9.6015,34.566,0.48008,0,3.3605,1.4402,0,0,10.562,0,2.8805,9.6015,2.8805,0.48008
1,20.742,4.3997,9.428,0,8.171,21.999,1.2571,3.7712,6.2854,25.141,2.5141,2.5141,4.3997,7.5424,0.62854,0,1.2571,0,9.428,3.7712,1.8856,3.1427,6.9139,1.8856,0,11.314,5.0283,6.2854,25.141,0.62854,8.7995,4.3997,5.6568,4.3997,0,3.7712,5.0283,0,59.711,0.62854,2.5141,1.2571,5.0283,1.2571,0,5.6568,0.62854,0,1.2571,1.8856,12.571,103.08,8.171,1.2571,4.3997,0,4.3997,40.855,0,1.8856,0.62854,1.2571,1.2571,1.2571,8.7995,2.5141,7.5424,5.6568,7.5424,0
2,31.099,1.3822,0,6.9108,31.099,0,5.5287,3.4554,1.3822,9.6752,2.7643,1.3822,12.44,1.3822,0,0,0.69108,5.5287,4.8376,4.1465,0.69108,6.2198,5.5287,2.0733,15.204,2.0733,31.099,2.7643,20.041,8.293,7.6019,4.1465,2.7643,0.69108,0,2.7643,6.2198,0,56.669,6.2198,3.4554,0.69108,6.9108,0,0.69108,1.3822,0.69108,0.69108,4.1465,0.69108,13.131,77.402,11.057,0.69108,1.3822,0.69108,4.8376,31.79,0,0,2.0733,0,1.3822,0,22.806,1.3822,4.1465,2.0733,0.69108,0
1,19.218,0.99404,2.3194,0.33135,5.3015,24.52,2.9821,4.3075,9.9404,21.869,2.9821,5.3015,8.2836,5.9642,0.99404,0.33135,0.66269,2.3194,4.9702,8.9463,0.99404,1.9881,6.2956,0,0.66269,17.893,4.3075,3.3135,22.531,0.66269,15.905,5.3015,1.3254,4.6388,0,5.9642,5.9642,0.99404,59.642,3.3135,2.3194,2.3194,6.2956,0.66269,0.99404,1.6567,2.3194,0.99404,2.3194,3.3135,22.531,101.39,10.603,0.66269,3.9761,0.33135,8.615,42.412,0,2.9821,0.66269,0.33135,0.66269,0.33135,10.934,1.6567,4.6388,3.9761,6.2956,0
1,25.475,3.4965,3.996,0.4995,4.4955,29.471,2.997,4.995,6.4935,25.974,1.998,2.997,6.993,1.998,0.999,0,2.997,0.4995,4.995,5.4945,2.4975,4.4955,5.994,0.4995,2.4975,11.489,1.998,6.4935,27.972,0.4995,4.995,1.998,0.4995,2.997,0,2.4975,6.4935,1.4985,58.941,5.4945,3.996,1.998,5.994,5.994,0.4995,2.997,1.998,1.998,1.998,1.998,16.484,73.427,6.4935,0,2.997,0,11.489,44.955,1.998,3.4965,3.4965,0,0,0.4995,7.4925,0.4995,3.996,2.4975,12.488,0
2,18.305,2.8161,0.56322,4.5058,28.724,4.5058,9.5748,11.828,2.5345,21.402,3.6609,3.0977,8.4483,2.5345,0.28161,0.28161,0.28161,1.1264,5.069,6.477,1.1264,2.5345,6.477,0,3.0977,1.6897,22.247,2.5345,13.236,13.236,3.3793,4.2242,2.8161,2.5345,0,2.8161,8.4483,0.28161,59.983,5.069,1.9713,0.56322,6.1954,1.4081,3.3793,0.28161,1.4081,0.56322,1.6897,3.3793,17.741,96.029,3.6609,1.4081,2.8161,0.56322,6.7587,42.242,0.28161,0.28161,1.1264,1.6897,1.6897,1.6897,9.5748,1.6897,3.0977,6.7587,2.2529,0
1,15.733,5.0346,5.6639,0,6.9226,25.173,3.776,7.5519,6.2933,21.397,1.888,1.2587,8.8106,1.888,0.62933,0,1.2587,1.888,7.5519,6.9226,0.62933,3.776,6.2933,0,0,12.587,6.2933,2.5173,16.362,1.2587,7.5519,6.9226,4.4053,1.888,5.0346,1.888,8.8106,0,64.821,5.6639,2.5173,0,3.776,1.888,4.4053,0.62933,1.888,0,0.62933,6.9226,17.621,79.924,8.1812,0,1.2587,0,8.8106,44.053,0,3.776,0,0.62933,0,0.62933,11.328,5.0346,15.733,3.776,1.2587,6.2933
1,21.533,3.9152,2.2839,0,6.199,25.775,4.2414,6.8515,7.1778,12.398,4.894,4.5677,4.894,1.6313,0.32626,0,0.65253,0.97879,7.5041,5.5465,1.6313,2.6101,9.4617,0,4.2414,12.398,2.6101,3.2626,28.385,0.97879,15.987,4.894,5.5465,2.9364,0.32626,2.9364,4.5677,0.65253,58.728,4.5677,2.9364,1.3051,7.1778,0.32626,0.65253,2.2839,3.5889,0.65253,1.6313,4.5677,11.419,92.007,6.8515,0.32626,4.2414,0,5.2202,38.499,0,1.9576,1.9576,2.2839,1.9576,1.9576,8.8091,5.2202,3.5889,6.199,3.5889,0
3,24.507,2.4027,6.7275,0.48054,4.3248,22.585,2.4027,3.3638,10.091,24.988,6.7275,3.3638,10.572,2.4027,0.48054,0,0.96108,3.8443,6.247,4.8054,0.96108,5.2859,8.6497,0,0.48054,11.533,3.3638,2.8832,27.871,0.96108,8.1691,4.8054,6.247,1.4416,0.48054,2.4027,6.7275,0.48054,55.262,8.6497,2.4027,2.4027,5.2859,0,1.4416,0.96108,0.48054,1.9222,1.9222,2.4027,15.858,101.39,6.247,0,0.96108,0,6.7275,28.832,0,0,0.48054,0.96108,0,0.96108,12.975,2.4027,17.78,6.247,5.7665,0
2,16.829,9.7431,1.7715,5.7573,35.43,4.8716,7.9717,12.843,5.7573,19.929,1.3286,2.2143,11.515,1.7715,0.44287,0,0.44287,0.88574,1.7715,4.8716,1.7715,0.88574,3.9858,0,1.3286,1.7715,25.686,1.3286,9.7431,10.186,1.7715,8.8574,4.8716,0.88574,0,1.3286,9.3003,0,54.916,7.5288,1.7715,1.7715,12.843,0,2.2143,0.44287,0.44287,0.88574,2.6572,1.3286,17.715,81.488,4.8716,0.44287,0.44287,0.44287,3.1001,37.201,0,0.44287,3.9858,3.1001,0,0.88574,11.957,0.88574,3.1001,13.729,2.2143,0
2,13.752,2.2921,0,4.9116,42.895,0.98232,5.5665,4.9116,2.6195,12.115,3.2744,3.9293,9.1683,1.3098,0.65488,0.32744,0.98232,1.3098,8.5134,4.2567,1.6372,6.8762,8.8409,1.3098,0.65488,1.9646,16.045,0.32744,5.5665,7.5311,2.947,2.2921,1.3098,1.6372,0,2.947,3.2744,3.6018,59.921,6.2213,2.6195,1.9646,6.2213,5.239,3.9293,1.9646,1.6372,0.65488,1.3098,0.32744,12.115,75.639,18.664,2.947,1.6372,0.32744,5.8939,29.142,0,0,1.6372,2.2921,1.6372,3.2744,13.098,4.9116,9.8232,10.478,1.6372,0.32744
1,24.226,1.3459,4.0377,0,10.094,27.591,4.0377,1.3459,2.6918,20.188,2.6918,6.7295,6.7295,0.67295,0,0,0.67295,1.3459,2.6918,6.0565,1.3459,1.3459,3.3647,0,0,16.151,2.0188,4.0377,26.918,0.67295,10.767,1.3459,0,0.67295,0,4.7106,10.094,1.3459,59.892,9.4213,2.6918,2.6918,7.4024,0,3.3647,2.0188,0.67295,0,3.3647,0.67295,21.534,99.596,2.6918,1.3459,5.3836,0,10.767,30.956,0,1.3459,2.0188,1.3459,1.3459,0,15.478,0,2.0188,3.3647,15.478,0
2,27.13,2.042,3.7923,0.87515,3.5006,23.046,2.3337,4.3757,11.085,22.754,4.084,3.5006,13.711,2.6254,0.58343,0,0.87515,2.6254,8.168,1.7503,0.87515,3.2089,6.126,0.29172,0,16.628,4.3757,1.7503,15.461,2.042,9.9183,7.2929,2.3337,2.3337,0,4.084,7.5846,0.29172,64.469,9.6266,3.7923,1.7503,6.126,0.29172,2.042,3.5006,1.7503,0.58343,3.5006,2.9172,14.294,102.68,2.9172,0,0.58343,0,5.5426,32.38,2.3337,0,0,0.29172,2.042,0.87515,9.9183,1.4586,5.5426,4.9592,3.5006,0
1,24.177,3.0864,2.572,0,5.6584,37.037,0,9.2593,9.7737,9.2593,6.1728,1.5432,5.144,1.0288,0,0,0,0.5144,6.1728,7.2016,2.0576,5.144,13.374,1.0288,1.5432,5.6584,0,2.572,28.292,3.6008,4.1152,1.5432,4.1152,0.5144,0,0,8.2305,0.5144,73.045,1.0288,1.5432,0.5144,9.7737,2.0576,0.5144,1.0288,2.0576,1.5432,1.5432,3.0864,11.317,80.247,6.6872,0,4.1152,0,5.6584,28.807,0,2.0576,4.6296,2.572,1.0288,0,10.802,3.6008,3.0864,5.144,3.0864,0
3,30.651,3.1928,5.7471,0.63857,1.9157,33.844,3.1928,7.6628,6.3857,22.989,3.1928,5.1086,6.3857,2.5543,1.9157,0,1.2771,4.47,4.47,5.7471,0.63857,2.5543,5.1086,0,1.2771,12.771,3.1928,0,19.796,2.5543,6.3857,6.3857,4.47,1.2771,0,1.2771,7.0243,0,70.243,7.0243,3.1928,3.1928,1.9157,0,0,0,1.9157,1.9157,0,3.8314,11.494,86.207,5.7471,0.63857,1.9157,0,8.3014,24.266,0,0,1.2771,1.2771,1.2771,0,12.133,1.2771,18.519,9.5785,2.5543,0
1,22.613,5.0251,4.0201,0.50251,6.5327,26.131,0.50251,7.0352,8.0402,16.08,6.5327,5.0251,5.5276,0.50251,0,0,1.005,1.5075,4.5226,4.5226,1.5075,3.0151,8.5427,1.005,0,9.5477,4.5226,3.5176,19.598,2.5126,10.05,4.0201,4.0201,1.5075,0,1.5075,6.0302,0.50251,66.332,4.5226,2.5126,0.50251,8.5427,2.5126,0,2.5126,2.5126,1.005,2.5126,1.005,8.0402,77.889,8.0402,0,1.005,0.50251,8.0402,39.196,1.5075,1.5075,0.50251,0,0,0,12.06,0,4.5226,6.5327,13.568,0
1,21.142,2.8189,2.8189,0,3.5236,23.256,5.6378,7.0472,7.7519,23.256,3.5236,3.5236,9.8661,7.7519,0,0.70472,0,0,4.9331,3.5236,1.4094,0,3.5236,0,2.1142,14.799,9.8661,3.5236,19.732,2.1142,9.8661,2.8189,5.6378,1.4094,0,2.1142,1.4094,0,63.425,2.8189,1.4094,2.8189,9.8661,0,0,1.4094,1.4094,0.70472,2.1142,4.9331,26.075,101.48,4.2283,0,5.6378,0.70472,5.6378,42.283,0,2.8189,0.70472,0,1.4094,0.70472,12.685,0.70472,22.551,4.2283,2.1142,0
2,17.413,4.9751,0.99503,2.9851,33.333,2.9851,2.4876,12.438,2.9851,12.438,7.9602,3.9801,11.443,1.4925,0,0,0.99503,0.99503,4.4776,5.4726,2.9851,5.4726,10.945,12.438,0,2.4876,29.353,1.9901,10.448,12.935,0.49751,1.4925,1.4925,0.49751,0,0.49751,6.4677,1.4925,55.721,6.9652,2.4876,1.9901,4.4776,0,0.49751,0,0.99503,2.4876,1.4925,1.9901,15.92,89.552,10.945,0.49751,0.49751,0,4.4776,35.323,0,0,2.9851,1.9901,0.99503,0,9.9502,0.49751,3.9801,9.4527,0.99503,0
2,29.477,1.3904,1.1123,8.3426,22.803,2.7809,6.396,9.455,2.2247,16.685,3.6151,2.7809,16.129,2.5028,0.27809,0.55617,1.1123,2.2247,3.8932,5.5617,1.3904,3.337,4.4494,0,3.059,3.337,18.91,2.7809,15.295,19.466,5.2836,3.6151,2.7809,1.1123,0,5.0056,8.3426,0.55617,57.286,5.5617,1.6685,1.1123,12.514,0.27809,1.1123,0.83426,1.6685,1.6685,2.2247,3.059,18.91,98.443,3.059,1.3904,2.5028,1.1123,7.7864,41.157,0,0.27809,3.8932,0.27809,1.6685,0.55617,6.1179,0,3.8932,5.5617,4.1713,0
1,26.113,1.1869,4.7478,0,4.7478,26.113,4.1543,4.7478,8.3086,18.991,6.5282,8.9021,8.3086,1.1869,1.1869,0,2.3739,0,5.3412,5.3412,1.7804,1.7804,7.7151,0,0,23.145,7.7151,4.7478,19.585,2.3739,15.43,5.9347,0.59347,4.1543,0,0,7.7151,0,52.226,2.9674,1.1869,2.9674,7.1217,0.59347,1.1869,2.3739,1.7804,0.59347,2.3739,0.59347,18.991,92.582,2.9674,0.59347,1.1869,0,10.682,39.169,0.59347,5.3412,1.7804,2.3739,5.9347,0,13.056,2.3739,5.3412,2.9674,8.9021,0
2,22.379,2.4525,0.61312,3.3722,22.992,4.2918,6.1312,10.116,4.2918,10.73,5.2115,3.0656,9.1968,0.91968,0.61312,0,0.91968,3.3722,5.2115,6.1312,2.759,3.9853,5.8246,14.408,4.2918,3.3722,28.51,2.759,14.102,16.554,3.9853,4.905,3.9853,1.5328,0,3.3722,9.1968,0.30656,61.925,11.649,1.5328,1.2262,3.9853,0.91968,0,1.2262,3.6787,2.759,3.3722,2.4525,15.635,70.815,2.759,0.61312,1.8394,0.61312,4.5984,31.882,0,0.30656,3.0656,0.61312,1.2262,0.91968,12.262,0.61312,0.30656,10.73,3.6787,0
1,26.843,4.2608,3.4086,0.42608,3.8347,17.895,5.1129,3.4086,4.6868,20.878,6.3911,4.2608,11.504,1.2782,0.85215,0,0.85215,1.7043,5.9651,5.539,0.85215,5.9651,6.3911,0,10.652,18.321,3.8347,2.1304,26.417,1.7043,11.93,5.1129,4.2608,0.42608,0,2.1304,5.539,0.42608,58.798,2.1304,3.4086,1.2782,10.226,0.85215,2.5565,2.9825,2.1304,0.85215,0.85215,5.9651,17.043,86.493,3.4086,0,2.1304,0.42608,11.078,34.938,0,5.539,0.85215,1.2782,0.85215,1.2782,8.5215,3.4086,8.0954,6.3911,12.356,0
1,27.594,3.4493,3.4493,0.28744,5.4613,22.995,2.0121,4.8865,6.8985,15.234,4.599,4.3116,8.6232,1.4372,0.28744,0,1.4372,2.2995,6.0362,6.6111,0.86232,5.7488,4.0241,0.28744,1.7246,13.222,5.1739,2.5869,24.72,1.1498,13.797,5.7488,1.7246,2.5869,0.28744,1.7246,6.8985,0.28744,67.836,2.2995,2.5869,0.28744,6.0362,3.4493,0.57488,2.2995,2.5869,1.1498,2.5869,2.8744,15.234,82.782,6.6111,0.28744,4.0241,0.57488,8.6232,41.104,0.28744,3.7367,1.7246,2.5869,1.1498,0.86232,10.348,0.86232,2.8744,5.7488,5.7488,0
1,22.403,7.7922,6.8182,0,5.8442,24.026,0.97403,7.1429,4.8701,14.286,4.5455,2.5974,10.39,4.5455,1.6234,0.32467,0.97403,2.5974,5.5195,7.1429,0.64935,4.5455,10.065,0,0.32467,9.7403,2.5974,2.2727,23.701,1.2987,15.584,2.2727,1.9481,2.9221,0.97403,1.9481,5.1948,0.64935,62.987,3.2468,0.32467,2.5974,12.338,6.4935,0.32467,1.9481,0.64935,0.64935,0.64935,3.2468,12.338,81.494,2.2727,0,5.8442,0.97403,7.7922,37.662,0.32467,3.2468,0.97403,2.5974,0.97403,1.2987,17.857,1.9481,6.1688,6.1688,4.2208,0.64935
2,14.848,1.3812,6.9061,0.69061,3.453,30.387,5.1796,4.4889,9.6685,18.646,6.5608,2.7624,9.6685,2.4171,0.69061,0,0.3453,4.4889,6.9061,3.1077,3.453,2.4171,11.395,0,0.69061,6.2155,2.0718,2.7624,22.79,3.7983,9.6685,2.0718,3.453,2.0718,0,6.2155,5.5249,0.69061,58.356,9.6685,1.7265,1.3812,12.776,0.3453,5.1796,1.3812,2.0718,1.7265,2.4171,2.7624,9.6685,107.04,3.1077,0,1.3812,0.3453,8.6326,27.624,1.3812,0,0,0.69061,0.69061,0,10.359,0.69061,3.453,6.2155,10.014,0
1,22.311,4.9085,1.7849,0,6.2472,26.328,2.6774,4.4623,11.602,22.311,2.6774,3.1236,4.4623,4.9085,1.3387,0,2.2311,0,7.5859,5.801,0.89246,2.2311,3.1236,0,0.89246,18.742,2.6774,6.6934,18.295,1.7849,13.833,3.1236,0.89246,0.44623,0.44623,2.2311,4.0161,0,67.827,1.3387,1.7849,1.7849,7.5859,2.6774,1.3387,3.5698,3.5698,0.44623,1.7849,0.89246,13.387,98.17,6.2472,0,5.801,0,6.2472,49.531,0,4.4623,1.7849,2.6774,2.6774,0.89246,7.1397,4.0161,4.9085,5.3548,8.4784,0
2,26.009,2.6676,1.3338,0,4.6682,40.347,1.3338,9.003,6.6689,20.34,3.001,3.6679,13.004,1.3338,0,0,0,1.0003,6.002,4.0013,0.33344,1.3338,5.3351,0,2.6676,15.672,3.001,2.0007,21.007,3.001,14.005,5.3351,4.0013,3.3344,0,1.6672,4.6682,0,51.684,6.002,2.6676,0.66689,7.3358,2.6676,0.66689,0,1.3338,1.0003,2.6676,4.3348,10.337,86.362,7.0023,0.66689,2.0007,0,3.6679,33.011,0.33344,0,0.66689,0,1.6672,0.66689,13.004,3.001,10.003,3.6679,2.0007,0
1,18.155,5.3974,4.4161,0,6.3788,20.608,5.3974,1.472,9.3229,26.987,3.4347,2.9441,6.3788,0.49068,0.98135,0.49068,2.4534,0.49068,4.4161,5.3974,2.4534,3.4347,5.8881,0,0,18.155,8.3415,6.8695,19.136,1.472,6.8695,2.4534,2.9441,4.4161,0,2.9441,9.8135,0.49068,69.185,1.9627,0.98135,1.472,8.3415,0.98135,0.49068,2.9441,1.472,1.472,1.9627,1.9627,7.8508,93.719,5.8881,0,1.9627,0,8.8322,43.18,0,2.9441,0,3.4347,0.98135,1.9627,10.795,2.4534,2.9441,6.3788,17.664,0
1,32.064,2.004,1.503,0,5.01,24.549,3.006,4.008,9.018,20.04,5.511,1.002,11.022,4.509,1.002,1.002,0,1.503,2.505,8.016,0.501,4.509,4.509,0.501,1.002,8.517,6.012,5.511,24.048,0,13.527,5.511,1.503,2.004,0,6.012,4.008,1.503,74.649,3.006,0.501,1.002,10.521,0.501,2.505,2.505,3.507,1.503,1.503,2.004,12.024,91.182,4.008,0,4.008,1.002,8.517,27.054,0,3.006,0.501,1.002,1.002,1.002,10.02,2.505,3.006,7.515,6.012,0
3,19.073,3.9461,3.2884,0.98652,5.9191,22.361,2.9596,3.9461,9.8652,19.73,3.6172,4.2749,16.771,4.6037,0.32884,0,1.3154,1.973,8.5498,5.2614,2.3019,1.6442,6.9056,0.65768,0,13.154,5.5903,2.6307,22.361,1.973,11.838,5.9191,1.3154,3.9461,0,1.973,8.5498,0.32884,57.218,6.5768,2.9596,3.6172,5.2614,0.65768,0.32884,0.65768,1.973,3.9461,3.2884,2.6307,16.442,94.706,5.2614,0.65768,2.6307,0.32884,5.5903,28.609,0.65768,0,2.9596,1.6442,0.98652,0.98652,11.838,0.98652,6.2479,5.2614,3.6172,0
